id,source_dataset,categoria,subcategoria,nombre,descripcion,municipio,territorio,lat,lon,direccion,telefono,web,ficha_turismo,google_place_id,google_rating,google_num_reviews,google_match_conf
txk_00001,agencias_de_viaje_v2,Otros,agencias_de_viaje_v2,Viajes Eroski,Fundada en 1980 y perteneciente al Grupo Eroski y a la Corporación Cooperativa Mondrag&oac...,Vitoria-Gasteiz,ARABA,42.84327143,-2.67381182,,,http://www.viajes.eroski.es,https://turismoa.euskadi.eus/webtur00-content/es/contenidos/n_negocios/0000010873_n3_rec_turismo/es_10873/10873-ficha2.html,,,,no_cache
txk_00002,agencias_de_viaje_v2,Otros,agencias_de_viaje_v2,Viajes Eroski Travel Air,Fundada en 1980 y perteneciente al Grupo Eroski y a la Corporación Cooperativa Mondrag&oac...,Donostia / San Sebastián,GIPUZKOA,43.31358481282162,-1.9810037914016905,,,http://www.travelair-empresas.com,https://turismoa.euskadi.eus/webtur00-content/es/contenidos/n_negocios/0000010929_n3_rec_turismo/es_10929/10929-ficha2.html,,,,no_cache
txk_00003,agencias_de_viaje_v2,Otros,agencias_de_viaje_v2,Viajes Eroski Travel Air,"Perteneciente al Grupo Eroski y a la Corporación Cooperativa Mondragón (MCC), se tr...",Bilbao,BIZKAIA,43.25636481,-2.91179426,,,http://www.travelair-empresas.com,https://turismoa.euskadi.eus/webtur00-content/es/contenidos/n_negocios/0000013201_n3_rec_turismo/es_13201/13201-ficha2.html,,,,no_cache
txk_00004,agencias_de_viaje_v2,Otros,agencias_de_viaje_v2,AZULMARINO,,Errenteria,GIPUZKOA,43.3131377383495,-1.90103873375032,,,https://www.azulmarino.com/es-es,https://turismoa.euskadi.eus/webtur00-content/es/contenidos/n_negocios/0000077004_n3_rec_turismo/es_77004/77004-ficha2.html,,,,no_cache
txk_00005,agencias_de_viaje_v2,Otros,agencias_de_viaje_v2,AZULMARINO,,Tolosa,GIPUZKOA,43.1350335999822,-2.07371210751748,,,https://www.azulmarino.com/es-es,https://turismoa.euskadi.eus/webtur00-content/es/contenidos/n_negocios/0000077005_n3_rec_turismo/es_77005/77005-ficha2.html,,,,no_cache
txk_00006,agencias_de_viaje_v2,Otros,agencias_de_viaje_v2,AZULMARINO,,Zarautz,GIPUZKOA,43.2854376071954,-2.17551670876862,,,https://www.azulmarino.com/es-es,https://turismoa.euskadi.eus/webtur00-content/es/contenidos/n_negocios/0000077006_n3_rec_turismo/es_77006/77006-ficha2.html,,,,no_cache
txk_00007,agencias_de_viaje_v2,Otros,agencias_de_viaje_v2,AZULMARINO,,Zumaia,GIPUZKOA,43.2964592410891,-2.25696486882579,,,https://www.azulmarino.com/es-es,https://turismoa.euskadi.eus/webtur00-content/es/contenidos/n_negocios/0000077007_n3_rec_turismo/es_77007/77007-ficha2.html,,,,no_cache
txk_00008,agencias_de_viaje_v2,Otros,agencias_de_viaje_v2,AZULMARINO,,Zumarraga,GIPUZKOA,43.0881609267441,-2.31907106531294,,,https://www.azulmarino.com/es-es,https://turismoa.euskadi.eus/webtur00-content/es/contenidos/n_negocios/0000077008_n3_rec_turismo/es_77008/77008-ficha2.html,,,,no_cache
txk_00009,agencias_de_viaje_v2,Otros,agencias_de_viaje_v2,AZULMARINO,,Usurbil,GIPUZKOA,43.2755175399928,-2.02441080259097,,,https://www.azulmarino.com/es-es,https://turismoa.euskadi.eus/webtur00-content/es/contenidos/n_negocios/0000077009_n3_rec_turismo/es_77009/77009-ficha2.html,,,,no_cache
txk_00010,agencias_de_viaje_v2,Otros,agencias_de_viaje_v2,AZULMARINO,,Arrasate / Mondragón,GIPUZKOA,43.0661006974652,-2.48904293300803,,,https://www.azulmarino.com/es-es,https://turismoa.euskadi.eus/webtur00-content/es/contenidos/n_negocios/0000077011_n3_rec_turismo/es_77011/77011-ficha2.html,,,,no_cache
txk_00011,agencias_de_viaje_v2,Otros,agencias_de_viaje_v2,AZULMARINO,,Vitoria-Gasteiz,ARABA,42.8435164575201,-2.69657220214612,,,https://www.azulmarino.com/es-es,https://turismoa.euskadi.eus/webtur00-content/es/contenidos/n_negocios/0000077014_n3_rec_turismo/es_77014/77014-ficha2.html,,,,no_cache
txk_00012,agencias_de_viaje_v2,Otros,agencias_de_viaje_v2,AZULMARINO,,Laudio/Llodio,ARABA,43.1417089315812,-2.96456835976723,,,https://www.azulmarino.com/es-es,https://turismoa.euskadi.eus/webtur00-content/es/contenidos/n_negocios/0000077018_n3_rec_turismo/es_77018/77018-ficha2.html,,,,no_cache
txk_00013,agencias_de_viaje_v2,Otros,agencias_de_viaje_v2,AZULMARINO,,Donostia / San Sebastián,GIPUZKOA,43.3009355210528,-2.01525671443351,,,https://www.azulmarino.com/es-es,https://turismoa.euskadi.eus/webtur00-content/es/contenidos/n_negocios/0000077030_n3_rec_turismo/es_77030/77030-ficha2.html,,,,no_cache
txk_00014,agencias_de_viaje_v2,Otros,agencias_de_viaje_v2,VIAJES GARCIA,,Bilbao,BIZKAIA,43.2557563141709,-2.94801559224608,,,https://www.viajesgarcia.com/,https://turismoa.euskadi.eus/webtur00-content/es/contenidos/n_negocios/0000077039_n3_rec_turismo/es_77039/77039-ficha2.html,,,,no_cache
txk_00015,agencias_de_viaje_v2,Otros,agencias_de_viaje_v2,VIAJES HALCON,,Donostia / San Sebastián,GIPUZKOA,43.3185870988126,-1.98423241735305,,,https://www.halconviajes.com/,https://turismoa.euskadi.eus/webtur00-content/es/contenidos/n_negocios/0000077052_n3_rec_turismo/es_77052/77052-ficha2.html,,,,no_cache
txk_00016,agencias_de_viaje_v2,Otros,agencias_de_viaje_v2,VIAJES HALCON,,Irun,GIPUZKOA,43.3406026832524,-1.79376512721466,,,https://www.halconviajes.com/,https://turismoa.euskadi.eus/webtur00-content/es/contenidos/n_negocios/0000077056_n3_rec_turismo/es_77056/77056-ficha2.html,,,,no_cache
txk_00017,agencias_de_viaje_v2,Otros,agencias_de_viaje_v2,VIAJES HALCON,,Lasarte-Oria,GIPUZKOA,43.2691683826281,-2.02076903472502,,,https://www.halconviajes.com/,https://turismoa.euskadi.eus/webtur00-content/es/contenidos/n_negocios/0000077057_n3_rec_turismo/es_77057/77057-ficha2.html,,,,no_cache
txk_00018,agencias_de_viaje_v2,Otros,agencias_de_viaje_v2,VIAJES IKEA,,Bilbao,BIZKAIA,43.2622177153322,-2.92263713088027,,,www.viajesikea.com,https://turismoa.euskadi.eus/webtur00-content/es/contenidos/n_negocios/0000077062_n3_rec_turismo/es_77062/77062-ficha2.html,,,,no_cache
txk_00019,agencias_de_viaje_v2,Otros,agencias_de_viaje_v2,VIAJES JAUREGUI,,Bilbao,BIZKAIA,43.2571832462965,-2.92292348771939,,,https://turismoa.euskadi.eus/webtur00-content/es/contenidos/n_negocios/0000077071_n3_rec_turismo/es_77071/77071-ficha2.html,https://turismoa.euskadi.eus/webtur00-content/es/contenidos/n_negocios/0000077071_n3_rec_turismo/es_77071/77071-ficha2.html,,,,no_cache
txk_00020,agencias_de_viaje_v2,Otros,agencias_de_viaje_v2,"VIAJES KATANKA, S.C.",,Vitoria-Gasteiz,ARABA,42.8464146486817,-2.67873721682777,,,http://viajeskatanka.grupoairmet.com,https://turismoa.euskadi.eus/webtur00-content/es/contenidos/n_negocios/0000077073_n3_rec_turismo/es_77073/77073-ficha2.html,,,,no_cache
txk_00021,agencias_de_viaje_v2,Otros,agencias_de_viaje_v2,VIAJES LEIOA BIDAIAK,,Leioa,BIZKAIA,43.3226868550015,-2.98644803966233,,,www.viajesleioa.com,https://turismoa.euskadi.eus/webtur00-content/es/contenidos/n_negocios/0000077077_n3_rec_turismo/es_77077/77077-ficha2.html,,,,no_cache
txk_00022,agencias_de_viaje_v2,Otros,agencias_de_viaje_v2,VIAJES LIVINGSTONE,,Bilbao,BIZKAIA,43.2606125422204,-2.91507025625012,,,www.viajeslivingstone.com,https://turismoa.euskadi.eus/webtur00-content/es/contenidos/n_negocios/0000077078_n3_rec_turismo/es_77078/77078-ficha2.html,,,,no_cache
txk_00023,agencias_de_viaje_v2,Otros,agencias_de_viaje_v2,VIAJES NIAGARA FALLS,,Galdakao,BIZKAIA,43.2321205695729,-2.84142333768042,,,www.loyangalani.com,https://turismoa.euskadi.eus/webtur00-content/es/contenidos/n_negocios/0000077088_n3_rec_turismo/es_77088/77088-ficha2.html,,,,no_cache
txk_00024,agencias_de_viaje_v2,Otros,agencias_de_viaje_v2,VIAJES OLARIZU,,Vitoria-Gasteiz,ARABA,42.8454632503334,-2.6661175295004,,,http://www.viajesolarizu.com/,https://turismoa.euskadi.eus/webtur00-content/es/contenidos/n_negocios/0000077091_n3_rec_turismo/es_77091/77091-ficha2.html,,,,no_cache
txk_00025,agencias_de_viaje_v2,Otros,agencias_de_viaje_v2,VIAJES PREMIER CLASS,,Donostia / San Sebastián,GIPUZKOA,43.3200400756088,-1.98033132740934,,,www.viajespremier.net,https://turismoa.euskadi.eus/webtur00-content/es/contenidos/n_negocios/0000077096_n3_rec_turismo/es_77096/77096-ficha2.html,,,,no_cache
txk_00026,agencias_de_viaje_v2,Otros,agencias_de_viaje_v2,VIAJES SAMARKANDA,,Vitoria-Gasteiz,ARABA,42.8509985943662,-2.67777629861692,,,http://www.viajessamarkanda.com,https://turismoa.euskadi.eus/webtur00-content/es/contenidos/n_negocios/0000077103_n3_rec_turismo/es_77103/77103-ficha2.html,,,,no_cache
txk_00027,agencias_de_viaje_v2,Otros,agencias_de_viaje_v2,VIAJES SIREICA,,Donostia / San Sebastián,GIPUZKOA,43.3222672074672,-1.97485884002637,,,http://www.sireica.com/,https://turismoa.euskadi.eus/webtur00-content/es/contenidos/n_negocios/0000077105_n3_rec_turismo/es_77105/77105-ficha2.html,,,,no_cache
txk_00028,agencias_de_viaje_v2,Otros,agencias_de_viaje_v2,VIAJES TRAMITOUR,,Getxo,BIZKAIA,43.3288391788505,-3.00860515043469,,,https://turismoa.euskadi.eus/webtur00-content/es/contenidos/n_negocios/0000077107_n3_rec_turismo/es_77107/77107-ficha2.html,https://turismoa.euskadi.eus/webtur00-content/es/contenidos/n_negocios/0000077107_n3_rec_turismo/es_77107/77107-ficha2.html,,,,no_cache
txk_00029,agencias_de_viaje_v2,Otros,agencias_de_viaje_v2,VIAJES UBTRAVEL,,Getxo,BIZKAIA,43.3269556451078,-3.01530795789683,,,https://turismoa.euskadi.eus/webtur00-content/es/contenidos/n_negocios/0000077110_n3_rec_turismo/es_77110/77110-ficha2.html,https://turismoa.euskadi.eus/webtur00-content/es/contenidos/n_negocios/0000077110_n3_rec_turismo/es_77110/77110-ficha2.html,,,,no_cache
txk_00030,agencias_de_viaje_v2,Otros,agencias_de_viaje_v2,VIATAMUNDO,,Getxo,BIZKAIA,43.3510512991912,-3.01350373337206,,,viajesviatamundo.com,https://turismoa.euskadi.eus/webtur00-content/es/contenidos/n_negocios/0000077122_n3_rec_turismo/es_77122/77122-ficha2.html,,,,no_cache
txk_00031,agencias_de_viaje_v2,Otros,agencias_de_viaje_v2,VITOURS,,Vitoria-Gasteiz,ARABA,42.8513876088271,-2.68718228405892,,,http://www.viajesvitours.com,https://turismoa.euskadi.eus/webtur00-content/es/contenidos/n_negocios/0000077123_n3_rec_turismo/es_77123/77123-ficha2.html,,,,no_cache
txk_00032,agencias_de_viaje_v2,Otros,agencias_de_viaje_v2,ATLANTIS VIAJES Y TURISMO,,Bilbao,BIZKAIA,43.2619036086696,-2.92632300383986,,,www.viajesatlantis.com,https://turismoa.euskadi.eus/webtur00-content/es/contenidos/n_negocios/0000077158_n3_rec_turismo/es_77158/77158-ficha2.html,,,,no_cache
txk_00033,agencias_de_viaje_v2,Otros,agencias_de_viaje_v2,AUKA BIDAIAK,,Gernika-Lumo,BIZKAIA,43.3106492399859,-2.68222245423887,,,https://turismoa.euskadi.eus/webtur00-content/es/contenidos/n_negocios/0000077159_n3_rec_turismo/es_77159/77159-ficha2.html,https://turismoa.euskadi.eus/webtur00-content/es/contenidos/n_negocios/0000077159_n3_rec_turismo/es_77159/77159-ficha2.html,,,,no_cache
txk_00034,agencias_de_viaje_v2,Otros,agencias_de_viaje_v2,B TRAVEL,,Donostia / San Sebastián,GIPUZKOA,43.3141202097581,-1.98061640131553,,,https://www.btravel.com/,https://turismoa.euskadi.eus/webtur00-content/es/contenidos/n_negocios/0000077161_n3_rec_turismo/es_77161/77161-ficha2.html,,,,no_cache
txk_00035,agencias_de_viaje_v2,Otros,agencias_de_viaje_v2,B TRAVEL,,Azkoitia,GIPUZKOA,43.1782649299802,-2.30901684278421,,,https://www.btravel.com/,https://turismoa.euskadi.eus/webtur00-content/es/contenidos/n_negocios/0000077163_n3_rec_turismo/es_77163/77163-ficha2.html,,,,no_cache
txk_00036,agencias_de_viaje_v2,Otros,agencias_de_viaje_v2,B TRAVEL,,Legazpi,GIPUZKOA,43.0506326943251,-2.33268014962034,,,https://www.btravel.com/,https://turismoa.euskadi.eus/webtur00-content/es/contenidos/n_negocios/0000077164_n3_rec_turismo/es_77164/77164-ficha2.html,,,,no_cache
txk_00037,agencias_de_viaje_v2,Otros,agencias_de_viaje_v2,B TRAVEL,,Hondarribia,GIPUZKOA,43.3671437777082,-1.79398281151118,,,https://www.btravel.com/,https://turismoa.euskadi.eus/webtur00-content/es/contenidos/n_negocios/0000077165_n3_rec_turismo/es_77165/77165-ficha2.html,,,,no_cache
txk_00038,agencias_de_viaje_v2,Otros,agencias_de_viaje_v2,B TRAVEL,,Vitoria-Gasteiz,ARABA,42.845630875243,-2.66484713814311,,,https://www.bthetravelbrand.com/,https://turismoa.euskadi.eus/webtur00-content/es/contenidos/n_negocios/0000077168_n3_rec_turismo/es_77168/77168-ficha2.html,,,,no_cache
txk_00039,agencias_de_viaje_v2,Otros,agencias_de_viaje_v2,BASAHI BIDAIAK,,Donostia / San Sebastián,GIPUZKOA,43.3254508826408,-1.97169715240699,,,https://basahibidaiak.com/,https://turismoa.euskadi.eus/webtur00-content/es/contenidos/n_negocios/0000077173_n3_rec_turismo/es_77173/77173-ficha2.html,,,,no_cache
txk_00040,agencias_de_viaje_v2,Otros,agencias_de_viaje_v2,BASAURI BIDAIAK,,Basauri,BIZKAIA,43.23716857,-2.88528159,,,https://www.basauribidaiak.com/,https://turismoa.euskadi.eus/webtur00-content/es/contenidos/n_negocios/0000077174_n3_rec_turismo/es_77174/77174-ficha2.html,,,,no_cache
txk_00041,agencias_de_viaje_v2,Otros,agencias_de_viaje_v2,BASQTOUR,,Leioa,BIZKAIA,43.3179778587335,-2.99080667285301,,,https://turismoa.euskadi.eus/webtur00-content/es/contenidos/n_negocios/0000077176_n3_rec_turismo/es_77176/77176-ficha2.html,https://turismoa.euskadi.eus/webtur00-content/es/contenidos/n_negocios/0000077176_n3_rec_turismo/es_77176/77176-ficha2.html,,,,no_cache
txk_00042,agencias_de_viaje_v2,Otros,agencias_de_viaje_v2,BASQUE DESTINATION,"Ofrece lo mejor del territorio, desde rutas secretas en el “corazón verde&rdquo...",Donostia / San Sebastián,GIPUZKOA,43.3094330127898,-1.97641844009628,,,https://www.basquedestination.com/,https://turismoa.euskadi.eus/webtur00-content/es/contenidos/n_negocios/0000077177_n3_rec_turismo/es_77177/77177-ficha2.html,,,,no_cache
txk_00043,agencias_de_viaje_v2,Otros,agencias_de_viaje_v2,BASQUE EXPERIENCES,,Bilbao,BIZKAIA,43.2544452983305,-2.93354255697103,,,www.basqueexperiences.com,https://turismoa.euskadi.eus/webtur00-content/es/contenidos/n_negocios/0000077178_n3_rec_turismo/es_77178/77178-ficha2.html,,,,no_cache
txk_00044,agencias_de_viaje_v2,Otros,agencias_de_viaje_v2,BASQUELANDS SERVICIOS TURISTICOS,,Amorebieta-Etxano,BIZKAIA,43.2123173091635,-2.72549607470445,,,https://basquelands.com/,https://turismoa.euskadi.eus/webtur00-content/es/contenidos/n_negocios/0000077182_n3_rec_turismo/es_77182/77182-ficha2.html,,,,no_cache
txk_00045,agencias_de_viaje_v2,Otros,agencias_de_viaje_v2,BASQUETRAVEL,,Donostia / San Sebastián,GIPUZKOA,43.3165503065426,-1.98376309272645,,,https://basquetravel.com/,https://turismoa.euskadi.eus/webtur00-content/es/contenidos/n_negocios/0000077183_n3_rec_turismo/es_77183/77183-ficha2.html,,,,no_cache
txk_00046,agencias_de_viaje_v2,Otros,agencias_de_viaje_v2,BIDAIAK BANOA,,Bilbao,BIZKAIA,43.2622426339191,-2.92841552986842,,,www.banoa.com,https://turismoa.euskadi.eus/webtur00-content/es/contenidos/n_negocios/0000077186_n3_rec_turismo/es_77186/77186-ficha2.html,,,,no_cache
txk_00047,agencias_de_viaje_v2,Otros,agencias_de_viaje_v2,BILBAO EXPRESS,,Bilbao,BIZKAIA,43.2630152710645,-2.93833079091869,,,www.viajesbilbaoexpress.com,https://turismoa.euskadi.eus/webtur00-content/es/contenidos/n_negocios/0000077188_n3_rec_turismo/es_77188/77188-ficha2.html,,,,no_cache
txk_00048,agencias_de_viaje_v2,Otros,agencias_de_viaje_v2,BLUE FORCE DIVING,,Bilbao,BIZKAIA,43.2608888645005,-2.92613139723179,,,www.blueforcediving.com,https://turismoa.euskadi.eus/webtur00-content/es/contenidos/n_negocios/0000077197_n3_rec_turismo/es_77197/77197-ficha2.html,,,,no_cache
txk_00049,agencias_de_viaje_v2,Otros,agencias_de_viaje_v2,BYBLOS TOURS,,Getxo,BIZKAIA,43.3543091032088,-3.01101559588476,,,http://www.byblostours.com/index.html,https://turismoa.euskadi.eus/webtur00-content/es/contenidos/n_negocios/0000077200_n3_rec_turismo/es_77200/77200-ficha2.html,,,,no_cache
txk_00050,agencias_de_viaje_v2,Otros,agencias_de_viaje_v2,BYBLOS TOURS,,Bilbao,BIZKAIA,43.2629160747528,-2.93384576345822,,,http://www.byblostours.com/es/01_contacto.html,https://turismoa.euskadi.eus/webtur00-content/es/contenidos/n_negocios/0000077201_n3_rec_turismo/es_77201/77201-ficha2.html,,,,no_cache
txk_00051,agencias_de_viaje_v2,Otros,agencias_de_viaje_v2,BYBLOS TOURS,,Vitoria-Gasteiz,ARABA,42.8433061901901,-2.6829027210113,,,http://www.byblostours.com,https://turismoa.euskadi.eus/webtur00-content/es/contenidos/n_negocios/0000077202_n3_rec_turismo/es_77202/77202-ficha2.html,,,,no_cache
txk_00052,agencias_de_viaje_v2,Otros,agencias_de_viaje_v2,CARREFOUR-SOPELANA BIDAIAK,,Sopela,BIZKAIA,43.3812430251359,-2.98180007282328,,,https://turismoa.euskadi.eus/webtur00-content/es/contenidos/n_negocios/0000077207_n3_rec_turismo/es_77207/77207-ficha2.html,https://turismoa.euskadi.eus/webtur00-content/es/contenidos/n_negocios/0000077207_n3_rec_turismo/es_77207/77207-ficha2.html,,,,no_cache
txk_00053,agencias_de_viaje_v2,Otros,agencias_de_viaje_v2,COLECTIVIA.COM,,Erandio,BIZKAIA,43.308129873442,-2.97705028546288,,,www.colectivia.com,https://turismoa.euskadi.eus/webtur00-content/es/contenidos/n_negocios/0000077209_n3_rec_turismo/es_77209/77209-ficha2.html,,,,no_cache
txk_00054,agencias_de_viaje_v2,Otros,agencias_de_viaje_v2,DESKONTALIA,,Donostia / San Sebastián,GIPUZKOA,43.3266884881635,-1.9678606024866,,,www.deskontalia.com,https://turismoa.euskadi.eus/webtur00-content/es/contenidos/n_negocios/0000077211_n3_rec_turismo/es_77211/77211-ficha2.html,,,,no_cache
txk_00055,agencias_de_viaje_v2,Otros,agencias_de_viaje_v2,EMY BIDAIAK,,Donostia / San Sebastián,GIPUZKOA,43.3029568719875,-1.97713649102268,,,www.emy.org,https://turismoa.euskadi.eus/webtur00-content/es/contenidos/n_negocios/0000077219_n3_rec_turismo/es_77219/77219-ficha2.html,,,,no_cache
txk_00056,agencias_de_viaje_v2,Otros,agencias_de_viaje_v2,EQUINOCCIO VIAJES,,Sestao,BIZKAIA,43.3085650241545,-3.00104949867845,,,www.equinoccioviajes.com,https://turismoa.euskadi.eus/webtur00-content/es/contenidos/n_negocios/0000077221_n3_rec_turismo/es_77221/77221-ficha2.html,,,,no_cache
txk_00057,agencias_de_viaje_v2,Otros,agencias_de_viaje_v2,EQUINOCCIO VIAJES,,Donostia / San Sebastián,GIPUZKOA,43.316163462317,-1.97984968630349,,,https://equinoccioviajes.com/,https://turismoa.euskadi.eus/webtur00-content/es/contenidos/n_negocios/0000077222_n3_rec_turismo/es_77222/77222-ficha2.html,,,,no_cache
txk_00058,agencias_de_viaje_v2,Otros,agencias_de_viaje_v2,ERANDIO BIDAIAK,,Erandio,BIZKAIA,43.3044757561776,-2.97418205009092,,,http://www.erandiobidaiak.com,https://turismoa.euskadi.eus/webtur00-content/es/contenidos/n_negocios/0000077223_n3_rec_turismo/es_77223/77223-ficha2.html,,,,no_cache
txk_00059,agencias_de_viaje_v2,Otros,agencias_de_viaje_v2,AZULMARINO,,Bilbao,BIZKAIA,43.2419378899476,-2.92482125574471,,,https://www.azulmarino.com/es-es,https://turismoa.euskadi.eus/webtur00-content/es/contenidos/n_negocios/0000077225_n3_rec_turismo/es_77225/77225-ficha2.html,,,,no_cache
txk_00060,agencias_de_viaje_v2,Otros,agencias_de_viaje_v2,EUROTRIP,,Donostia / San Sebastián,GIPUZKOA,43.3196642403885,-1.97940569437042,,,www.viajeseurotrip.es,https://turismoa.euskadi.eus/webtur00-content/es/contenidos/n_negocios/0000077229_n3_rec_turismo/es_77229/77229-ficha2.html,,,,no_cache
txk_00061,agencias_de_viaje_v2,Otros,agencias_de_viaje_v2,FEELFREERENTALS.COM,,Donostia / San Sebastián,GIPUZKOA,43.3238161943217,-1.97790536298818,,,www.feelfreerentals.com,https://turismoa.euskadi.eus/webtur00-content/es/contenidos/n_negocios/0000077231_n3_rec_turismo/es_77231/77231-ficha2.html,,,,no_cache
txk_00062,agencias_de_viaje_v2,Otros,agencias_de_viaje_v2,FLORIDA CARIBE,,Ordizia,GIPUZKOA,43.0529726679435,-2.18154599240916,,,https://turismoa.euskadi.eus/webtur00-content/es/contenidos/n_negocios/0000077232_n3_rec_turismo/es_77232/77232-ficha2.html,https://turismoa.euskadi.eus/webtur00-content/es/contenidos/n_negocios/0000077232_n3_rec_turismo/es_77232/77232-ficha2.html,,,,no_cache
txk_00063,agencias_de_viaje_v2,Otros,agencias_de_viaje_v2,FRESCO TOURS,,Bilbao,BIZKAIA,43.2635728763299,-2.93222959651127,,,https://frescotours.com/,https://turismoa.euskadi.eus/webtur00-content/es/contenidos/n_negocios/0000077235_n3_rec_turismo/es_77235/77235-ficha2.html,,,,no_cache
txk_00064,agencias_de_viaje_v2,Otros,agencias_de_viaje_v2,GETXO TOURS,,Leioa,BIZKAIA,43.3252260269803,-3.01243002118064,,,www.getxotours.com,https://turismoa.euskadi.eus/webtur00-content/es/contenidos/n_negocios/0000077240_n3_rec_turismo/es_77240/77240-ficha2.html,,,,no_cache
txk_00065,agencias_de_viaje_v2,Otros,agencias_de_viaje_v2,GETXOPORT,,Getxo,BIZKAIA,43.3275586968216,-2.98373604284562,,,getxoport.com,https://turismoa.euskadi.eus/webtur00-content/es/contenidos/n_negocios/0000077241_n3_rec_turismo/es_77241/77241-ficha2.html,,,,no_cache
txk_00066,agencias_de_viaje_v2,Otros,agencias_de_viaje_v2,GO BASQUING,,Getxo,BIZKAIA,43.3409292381444,-3.00258902581263,,,https://gobasquing.com/,https://turismoa.euskadi.eus/webtur00-content/es/contenidos/n_negocios/0000077243_n3_rec_turismo/es_77243/77243-ficha2.html,,,,no_cache
txk_00067,agencias_de_viaje_v2,Otros,agencias_de_viaje_v2,GS INCOMING,,Donostia / San Sebastián,GIPUZKOA,43.3235317525369,-1.97899862593513,,,https://www.gsincoming.com/en/home,https://turismoa.euskadi.eus/webtur00-content/es/contenidos/n_negocios/0000077244_n3_rec_turismo/es_77244/77244-ficha2.html,,,,no_cache
txk_00068,agencias_de_viaje_v2,Otros,agencias_de_viaje_v2,HAGOOS,,Donostia / San Sebastián,GIPUZKOA,43.3115163960397,-2.00281017211037,,,https://www.hagoos.com/,https://turismoa.euskadi.eus/webtur00-content/es/contenidos/n_negocios/0000077246_n3_rec_turismo/es_77246/77246-ficha2.html,,,,no_cache
txk_00069,agencias_de_viaje_v2,Otros,agencias_de_viaje_v2,HALCÓN VIAJES,,Elorrio,BIZKAIA,43.1290936575645,-2.54053608410657,,,https://www.halconviajes.com/,https://turismoa.euskadi.eus/webtur00-content/es/contenidos/n_negocios/0000077248_n3_rec_turismo/es_77248/77248-ficha2.html,,,,no_cache
txk_00070,agencias_de_viaje_v2,Otros,agencias_de_viaje_v2,HERNANI BIDAIAK,,Hernani,GIPUZKOA,43.2670417818861,-1.97540626673171,,,www.hernanibidaiak.com,https://turismoa.euskadi.eus/webtur00-content/es/contenidos/n_negocios/0000077254_n3_rec_turismo/es_77254/77254-ficha2.html,,,,no_cache
txk_00071,agencias_de_viaje_v2,Otros,agencias_de_viaje_v2,HERNANI TRAVEL,,Tolosa,GIPUZKOA,43.1368364030624,-2.07121949413288,,,https://turismoa.euskadi.eus/webtur00-content/es/contenidos/n_negocios/0000077255_n3_rec_turismo/es_77255/77255-ficha2.html,https://turismoa.euskadi.eus/webtur00-content/es/contenidos/n_negocios/0000077255_n3_rec_turismo/es_77255/77255-ficha2.html,,,,no_cache
txk_00072,agencias_de_viaje_v2,Otros,agencias_de_viaje_v2,INBASQUE,,Donostia / San Sebastián,GIPUZKOA,43.3060291777049,-1.97405610251262,,,https://inbasque.com/,https://turismoa.euskadi.eus/webtur00-content/es/contenidos/n_negocios/0000077257_n3_rec_turismo/es_77257/77257-ficha2.html,,,,no_cache
txk_00073,agencias_de_viaje_v2,Otros,agencias_de_viaje_v2,INEDITAL VIAJES,,Bilbao,BIZKAIA,43.2629635334252,-2.94094440100951,,,http://www.inedital.com/#,https://turismoa.euskadi.eus/webtur00-content/es/contenidos/n_negocios/0000077258_n3_rec_turismo/es_77258/77258-ficha2.html,,,,no_cache
txk_00074,agencias_de_viaje_v2,Otros,agencias_de_viaje_v2,JUDIMENDI BIDAIAK,,Vitoria-Gasteiz,ARABA,42.8462646977594,-2.65995350685921,,,https://turismoa.euskadi.eus/webtur00-content/es/contenidos/n_negocios/0000077259_n3_rec_turismo/es_77259/77259-ficha2.html,https://turismoa.euskadi.eus/webtur00-content/es/contenidos/n_negocios/0000077259_n3_rec_turismo/es_77259/77259-ficha2.html,,,,no_cache
txk_00075,agencias_de_viaje_v2,Otros,agencias_de_viaje_v2,KOBA TOURS,,Bilbao,BIZKAIA,43.2596785713589,-2.93247560917998,,,www.kobatours.com,https://turismoa.euskadi.eus/webtur00-content/es/contenidos/n_negocios/0000077267_n3_rec_turismo/es_77267/77267-ficha2.html,,,,no_cache
txk_00076,agencias_de_viaje_v2,Otros,agencias_de_viaje_v2,KORKULA TOURS,,Vitoria-Gasteiz,ARABA,42.8486199349949,-2.67528024201193,,,http://www.korkulatours.es,https://turismoa.euskadi.eus/webtur00-content/es/contenidos/n_negocios/0000077269_n3_rec_turismo/es_77269/77269-ficha2.html,,,,no_cache
txk_00077,agencias_de_viaje_v2,Otros,agencias_de_viaje_v2,LIBE BIDAIAK,,Amorebieta-Etxano,BIZKAIA,43.2185185532038,-2.73219771146416,,,http://libebidaiak.grupoairmet.com,https://turismoa.euskadi.eus/webtur00-content/es/contenidos/n_negocios/0000077274_n3_rec_turismo/es_77274/77274-ficha2.html,,,,no_cache
txk_00078,agencias_de_viaje_v2,Otros,agencias_de_viaje_v2,LOIOLA BIDAIAK,,Azkoitia,GIPUZKOA,43.1800400118178,-2.31342391221618,,,https://turismoa.euskadi.eus/webtur00-content/es/contenidos/n_negocios/0000077275_n3_rec_turismo/es_77275/77275-ficha2.html,https://turismoa.euskadi.eus/webtur00-content/es/contenidos/n_negocios/0000077275_n3_rec_turismo/es_77275/77275-ficha2.html,,,,no_cache
txk_00079,agencias_de_viaje_v2,Otros,agencias_de_viaje_v2,MY WAY VIAJES,,Bilbao,BIZKAIA,43.2589647657158,-2.93710874902866,,,www.mywayviajes.com,https://turismoa.euskadi.eus/webtur00-content/es/contenidos/n_negocios/0000077282_n3_rec_turismo/es_77282/77282-ficha2.html,,,,no_cache
txk_00080,agencias_de_viaje_v2,Otros,agencias_de_viaje_v2,N.I.S. NORTH INCOMING SERVICE,,Bilbao,BIZKAIA,43.2552420047785,-2.90844712759804,,,https://nis.es/nis-dmc/,https://turismoa.euskadi.eus/webtur00-content/es/contenidos/n_negocios/0000077283_n3_rec_turismo/es_77283/77283-ficha2.html,,,,no_cache
txk_00081,agencias_de_viaje_v2,Otros,agencias_de_viaje_v2,NOAOA BIDAIAK,,Lasarte-Oria,GIPUZKOA,43.2689364358562,-2.02226975871211,,,https://noaoa.eus/,https://turismoa.euskadi.eus/webtur00-content/es/contenidos/n_negocios/0000077284_n3_rec_turismo/es_77284/77284-ficha2.html,,,,no_cache
txk_00082,agencias_de_viaje_v2,Otros,agencias_de_viaje_v2,Noma Bidaiak,,Bilbao,BIZKAIA,43.262333239683,-2.94163689895511,,,http://nomabidaiak.grupoairmet.com,https://turismoa.euskadi.eus/webtur00-content/es/contenidos/n_negocios/0000077285_n3_rec_turismo/es_77285/77285-ficha2.html,,,,no_cache
txk_00083,agencias_de_viaje_v2,Otros,agencias_de_viaje_v2,OVER MAVEC TOURS,,Urnieta,GIPUZKOA,43.2482474841659,-1.99324581992509,,,https://turismoa.euskadi.eus/webtur00-content/es/contenidos/n_negocios/0000077292_n3_rec_turismo/es_77292/77292-ficha2.html,https://turismoa.euskadi.eus/webtur00-content/es/contenidos/n_negocios/0000077292_n3_rec_turismo/es_77292/77292-ficha2.html,,,,no_cache
txk_00084,agencias_de_viaje_v2,Otros,agencias_de_viaje_v2,PREMIER CLASS BIDAIAK,,Eibar,GIPUZKOA,43.1843586,-2.47241107,,,https://www.viajespremier.net/,https://turismoa.euskadi.eus/webtur00-content/es/contenidos/n_negocios/0000077300_n3_rec_turismo/es_77300/77300-ficha2.html,,,,no_cache
txk_00085,agencias_de_viaje_v2,Otros,agencias_de_viaje_v2,"RIOJA ALAVESA TURISMO (GETXOPORT, CAZAVENTURAS, +VALOR CONSULTING, EL DESTINO + TOP)",,Labastida/Bastida,ARABA,42.5915927432737,-2.79297228654844,,,https://riojaalavesaturismo.com/,https://turismoa.euskadi.eus/webtur00-content/es/contenidos/n_negocios/0000077301_n3_rec_turismo/es_77301/77301-ficha2.html,,,,no_cache
txk_00086,agencias_de_viaje_v2,Otros,agencias_de_viaje_v2,ROMOTUR,,Bilbao,BIZKAIA,43.2571006632731,-2.94210667190305,,,https://www.romotur.com/,https://turismoa.euskadi.eus/webtur00-content/es/contenidos/n_negocios/0000077302_n3_rec_turismo/es_77302/77302-ficha2.html,,,,no_cache
txk_00087,agencias_de_viaje_v2,Otros,agencias_de_viaje_v2,SAN ROQUE BIDAIAK,,Portugalete,BIZKAIA,43.3191349013671,-3.01815748087536,,,https://turismoa.euskadi.eus/webtur00-content/es/contenidos/n_negocios/0000077303_n3_rec_turismo/es_77303/77303-ficha2.html,https://turismoa.euskadi.eus/webtur00-content/es/contenidos/n_negocios/0000077303_n3_rec_turismo/es_77303/77303-ficha2.html,,,,no_cache
txk_00088,agencias_de_viaje_v2,Otros,agencias_de_viaje_v2,STI SERVICIOS TURISTICOS INTEGRALES,,Galdakao,BIZKAIA,43.2285367367684,-2.84035058891691,,,http://www.stipaisvasco.com/cas/index.php,https://turismoa.euskadi.eus/webtur00-content/es/contenidos/n_negocios/0000077311_n3_rec_turismo/es_77311/77311-ficha2.html,,,,no_cache
txk_00089,agencias_de_viaje_v2,Otros,agencias_de_viaje_v2,STOP,,Mundaka,BIZKAIA,43.40665102,-2.69788597,,,https://stop.es/,https://turismoa.euskadi.eus/webtur00-content/es/contenidos/n_negocios/0000077312_n3_rec_turismo/es_77312/77312-ficha2.html,,,,no_cache
txk_00090,agencias_de_viaje_v2,Otros,agencias_de_viaje_v2,THABUCA WINE TOURS,,Labastida/Bastida,ARABA,42.5907236111346,-2.79792283289462,,,https://winetoursrioja.com/,https://turismoa.euskadi.eus/webtur00-content/es/contenidos/n_negocios/0000077314_n3_rec_turismo/es_77314/77314-ficha2.html,,,,no_cache
txk_00091,agencias_de_viaje_v2,Otros,agencias_de_viaje_v2,TORNAVIAJES,,Vitoria-Gasteiz,ARABA,42.8667966680085,-2.69115461389296,,,http://www.tornaviajes.com,https://turismoa.euskadi.eus/webtur00-content/es/contenidos/n_negocios/0000077316_n3_rec_turismo/es_77316/77316-ficha2.html,,,,no_cache
txk_00092,agencias_de_viaje_v2,Otros,agencias_de_viaje_v2,VIAJAR A LA CARTA,,Donostia / San Sebastián,GIPUZKOA,43.3209652919336,-1.98427842271221,,,https://turismoa.euskadi.eus/webtur00-content/es/contenidos/n_negocios/0000077324_n3_rec_turismo/es_77324/77324-ficha2.html,https://turismoa.euskadi.eus/webtur00-content/es/contenidos/n_negocios/0000077324_n3_rec_turismo/es_77324/77324-ficha2.html,,,,no_cache
txk_00093,agencias_de_viaje_v2,Otros,agencias_de_viaje_v2,VIAJEMANIA,,Andoain,GIPUZKOA,43.2119753778764,-2.02660726757966,,,https://turismoa.euskadi.eus/webtur00-content/es/contenidos/n_negocios/0000077325_n3_rec_turismo/es_77325/77325-ficha2.html,https://turismoa.euskadi.eus/webtur00-content/es/contenidos/n_negocios/0000077325_n3_rec_turismo/es_77325/77325-ficha2.html,,,,no_cache
txk_00094,agencias_de_viaje_v2,Otros,agencias_de_viaje_v2,VIAJES AMAIA,,Bermeo,BIZKAIA,43.4196277726178,-2.7265213359423,,,www.viajesamaia.com,https://turismoa.euskadi.eus/webtur00-content/es/contenidos/n_negocios/0000077333_n3_rec_turismo/es_77333/77333-ficha2.html,,,,no_cache
txk_00095,agencias_de_viaje_v2,Otros,agencias_de_viaje_v2,VIAJES AMAIA,,Bilbao,BIZKAIA,43.2661146277306,-2.93174130716026,,,https://turismoa.euskadi.eus/webtur00-content/es/contenidos/n_negocios/0000077334_n3_rec_turismo/es_77334/77334-ficha2.html,https://turismoa.euskadi.eus/webtur00-content/es/contenidos/n_negocios/0000077334_n3_rec_turismo/es_77334/77334-ficha2.html,,,,no_cache
txk_00096,agencias_de_viaje_v2,Otros,agencias_de_viaje_v2,VIAJES ARABA,,Vitoria-Gasteiz,ARABA,42.8479508370815,-2.67488229881945,,,viajesaraba@viajesaraba.es,https://turismoa.euskadi.eus/webtur00-content/es/contenidos/n_negocios/0000077336_n3_rec_turismo/es_77336/77336-ficha2.html,,,,no_cache
txk_00097,agencias_de_viaje_v2,Otros,agencias_de_viaje_v2,VIAJES ARABA,,Laudio/Llodio,ARABA,43.1417089315812,-2.96456835976723,,,www.viajesaraba.es,https://turismoa.euskadi.eus/webtur00-content/es/contenidos/n_negocios/0000077337_n3_rec_turismo/es_77337/77337-ficha2.html,,,,no_cache
txk_00098,agencias_de_viaje_v2,Otros,agencias_de_viaje_v2,VIAJES ARBIDEA,,Bilbao,BIZKAIA,43.2563959668236,-2.91046458289025,,,http://arbidea.grupoairmet.com,https://turismoa.euskadi.eus/webtur00-content/es/contenidos/n_negocios/0000077340_n3_rec_turismo/es_77340/77340-ficha2.html,,,,no_cache
txk_00099,agencias_de_viaje_v2,Otros,agencias_de_viaje_v2,VIAJES ARZABE,,Bilbao,BIZKAIA,43.2607315413026,-2.92847124784385,,,www.arzabe.es,https://turismoa.euskadi.eus/webtur00-content/es/contenidos/n_negocios/0000077344_n3_rec_turismo/es_77344/77344-ficha2.html,,,,no_cache
txk_00100,agencias_de_viaje_v2,Otros,agencias_de_viaje_v2,VIAJES ARZABE,,Galdakao,BIZKAIA,43.2305439587586,-2.84166555074991,,,www.arzabe.es,https://turismoa.euskadi.eus/webtur00-content/es/contenidos/n_negocios/0000077345_n3_rec_turismo/es_77345/77345-ficha2.html,,,,no_cache
txk_00101,agencias_de_viaje_v2,Otros,agencias_de_viaje_v2,VIAJES ARZABE,,Güeñes,BIZKAIA,43.2001685688797,-3.04909287431463,,,www.arzabe.es,https://turismoa.euskadi.eus/webtur00-content/es/contenidos/n_negocios/0000077346_n3_rec_turismo/es_77346/77346-ficha2.html,,,,no_cache
txk_00102,agencias_de_viaje_v2,Otros,agencias_de_viaje_v2,VIAJES ARZABE,,Zalla,BIZKAIA,43.2136013364546,-3.13151341636589,,,www.arzabe.es,https://turismoa.euskadi.eus/webtur00-content/es/contenidos/n_negocios/0000077347_n3_rec_turismo/es_77347/77347-ficha2.html,,,,no_cache
txk_00103,agencias_de_viaje_v2,Otros,agencias_de_viaje_v2,VIAJES BARAKALDO BIDAIAK,,Barakaldo,BIZKAIA,43.2978710191175,-2.98744644658542,,,www.viajesleioa.com,https://turismoa.euskadi.eus/webtur00-content/es/contenidos/n_negocios/0000077355_n3_rec_turismo/es_77355/77355-ficha2.html,,,,no_cache
txk_00104,agencias_de_viaje_v2,Otros,agencias_de_viaje_v2,VIAJES BIDASOA,,Vitoria-Gasteiz,ARABA,42.8519836218045,-2.66727825289229,,,www.viajes bidasoa.com,https://turismoa.euskadi.eus/webtur00-content/es/contenidos/n_negocios/0000077362_n3_rec_turismo/es_77362/77362-ficha2.html,,,,no_cache
txk_00105,agencias_de_viaje_v2,Otros,agencias_de_viaje_v2,BIZ.JOMABIDAIAK,,Amorebieta-Etxano,BIZKAIA,43.2181999241726,-2.73123105970456,,,www.bizkargibidaiak.com,https://turismoa.euskadi.eus/webtur00-content/es/contenidos/n_negocios/0000077365_n3_rec_turismo/es_77365/77365-ficha2.html,,,,no_cache
txk_00106,agencias_de_viaje_v2,Otros,agencias_de_viaje_v2,VIAJES DODEL,,Bilbao,BIZKAIA,43.2577033675673,-2.93891999665137,,,https://www.viajesdodel.com/,https://turismoa.euskadi.eus/webtur00-content/es/contenidos/n_negocios/0000077372_n3_rec_turismo/es_77372/77372-ficha2.html,,,,no_cache
txk_00107,agencias_de_viaje_v2,Otros,agencias_de_viaje_v2,VIAJES EASO,,Donostia / San Sebastián,GIPUZKOA,43.3211065149271,-1.9811982450694,,,www.viajeseaso.com,https://turismoa.euskadi.eus/webtur00-content/es/contenidos/n_negocios/0000077375_n3_rec_turismo/es_77375/77375-ficha2.html,,,,no_cache
txk_00108,agencias_de_viaje_v2,Otros,agencias_de_viaje_v2,VIAJES ECUADOR BIDAIAK,,Berango,BIZKAIA,43.3648322479143,-2.99994148234906,,,https://turismoa.euskadi.eus/webtur00-content/es/contenidos/n_negocios/0000077378_n3_rec_turismo/es_77378/77378-ficha2.html,https://turismoa.euskadi.eus/webtur00-content/es/contenidos/n_negocios/0000077378_n3_rec_turismo/es_77378/77378-ficha2.html,,,,no_cache
txk_00109,agencias_de_viaje_v2,Otros,agencias_de_viaje_v2,VIAJES EL CAMINANTE,,Vitoria-Gasteiz,ARABA,42.8530369057368,-2.67710988965314,,,https://turismoa.euskadi.eus/webtur00-content/es/contenidos/n_negocios/0000077381_n3_rec_turismo/es_77381/77381-ficha2.html,https://turismoa.euskadi.eus/webtur00-content/es/contenidos/n_negocios/0000077381_n3_rec_turismo/es_77381/77381-ficha2.html,,,,no_cache
txk_00110,agencias_de_viaje_v2,Otros,agencias_de_viaje_v2,AZULMARINO,,Portugalete,BIZKAIA,43.3198380623074,-3.01951867042226,,,https://www.azulmarino.com/es-es,https://turismoa.euskadi.eus/webtur00-content/es/contenidos/n_negocios/0000077390_n3_rec_turismo/es_77390/77390-ficha2.html,,,,no_cache
txk_00111,agencias_de_viaje_v2,Otros,agencias_de_viaje_v2,AZULMARINO,,Sestao,BIZKAIA,43.3089469542446,-3.00590262819713,,,https://www.azulmarino.com/es-es,https://turismoa.euskadi.eus/webtur00-content/es/contenidos/n_negocios/0000077393_n3_rec_turismo/es_77393/77393-ficha2.html,,,,no_cache
txk_00112,agencias_de_viaje_v2,Otros,agencias_de_viaje_v2,AZULMARINO,,Galdakao,BIZKAIA,43.2311756574096,-2.84281586628673,,,https://www.azulmarino.com/es-es,https://turismoa.euskadi.eus/webtur00-content/es/contenidos/n_negocios/0000077408_n3_rec_turismo/es_77408/77408-ficha2.html,,,,no_cache
txk_00113,agencias_de_viaje_v2,Otros,agencias_de_viaje_v2,AZULMARINO,,Getxo,BIZKAIA,43.3513741079217,-3.01127045087549,,,https://www.azulmarino.com/es-es,https://turismoa.euskadi.eus/webtur00-content/es/contenidos/n_negocios/0000077409_n3_rec_turismo/es_77409/77409-ficha2.html,,,,no_cache
txk_00114,agencias_de_viaje_v2,Otros,agencias_de_viaje_v2,AZULMARINO,,Gernika-Lumo,BIZKAIA,43.3165530341919,-2.6769086360236,,,https://www.azulmarino.com/es-es,https://turismoa.euskadi.eus/webtur00-content/es/contenidos/n_negocios/0000077410_n3_rec_turismo/es_77410/77410-ficha2.html,,,,no_cache
txk_00115,agencias_de_viaje_v2,Otros,agencias_de_viaje_v2,AZULMARINO,,Leioa,BIZKAIA,43.3420909839033,-2.98991644233603,,,https://www.azulmarino.com/es-es,https://turismoa.euskadi.eus/webtur00-content/es/contenidos/n_negocios/0000077412_n3_rec_turismo/es_77412/77412-ficha2.html,,,,no_cache
txk_00116,agencias_de_viaje_v2,Otros,agencias_de_viaje_v2,AZULMARINO,,Mungia,BIZKAIA,43.355395969945,-2.84811549421859,,,https://www.azulmarino.com/es-es,https://turismoa.euskadi.eus/webtur00-content/es/contenidos/n_negocios/0000077413_n3_rec_turismo/es_77413/77413-ficha2.html,,,,no_cache
txk_00117,agencias_de_viaje_v2,Otros,agencias_de_viaje_v2,AZULMARINO,,Abadiño,BIZKAIA,43.1700254961696,-2.61801311678726,,,https://www.azulmarino.com/es-es,https://turismoa.euskadi.eus/webtur00-content/es/contenidos/n_negocios/0000077419_n3_rec_turismo/es_77419/77419-ficha2.html,,,,no_cache
txk_00118,agencias_de_viaje_v2,Otros,agencias_de_viaje_v2,AZULMARINO,,Amorebieta-Etxano,BIZKAIA,43.2211647586736,-2.73330753390731,,,https://www.azulmarino.com/es-es,https://turismoa.euskadi.eus/webtur00-content/es/contenidos/n_negocios/0000077420_n3_rec_turismo/es_77420/77420-ficha2.html,,,,no_cache
txk_00119,agencias_de_viaje_v2,Otros,agencias_de_viaje_v2,AZULMARINO,,Arrigorriaga,BIZKAIA,43.207068820149,-2.88739394173658,,,https://www.azulmarino.com/es-es,https://turismoa.euskadi.eus/webtur00-content/es/contenidos/n_negocios/0000077422_n3_rec_turismo/es_77422/77422-ficha2.html,,,,no_cache
txk_00120,agencias_de_viaje_v2,Otros,agencias_de_viaje_v2,AZULMARINO,,Balmaseda,BIZKAIA,43.1948448523474,-3.19405795818411,,,https://www.azulmarino.com/es-es,https://turismoa.euskadi.eus/webtur00-content/es/contenidos/n_negocios/0000077423_n3_rec_turismo/es_77423/77423-ficha2.html,,,,no_cache
txk_00121,agencias_de_viaje_v2,Otros,agencias_de_viaje_v2,AZULMARINO,,Barakaldo,BIZKAIA,43.2887729187242,-3.00821213892002,,,https://www.azulmarino.com/es-es,https://turismoa.euskadi.eus/webtur00-content/es/contenidos/n_negocios/0000077424_n3_rec_turismo/es_77424/77424-ficha2.html,,,,no_cache
txk_00122,agencias_de_viaje_v2,Otros,agencias_de_viaje_v2,AZULMARINO,,Basauri,BIZKAIA,43.2362547276353,-2.88622513490214,,,https://www.azulmarino.com/es-es,https://turismoa.euskadi.eus/webtur00-content/es/contenidos/n_negocios/0000077426_n3_rec_turismo/es_77426/77426-ficha2.html,,,,no_cache
txk_00123,agencias_de_viaje_v2,Otros,agencias_de_viaje_v2,AZULMARINO,,Bermeo,BIZKAIA,43.4194859984207,-2.72293778215473,,,https://www.azulmarino.com/es-es,https://turismoa.euskadi.eus/webtur00-content/es/contenidos/n_negocios/0000077429_n3_rec_turismo/es_77429/77429-ficha2.html,,,,no_cache
txk_00124,agencias_de_viaje_v2,Otros,agencias_de_viaje_v2,AZULMARINO,,Durango,BIZKAIA,43.1719127064325,-2.63565364687396,,,https://www.azulmarino.com/es-es,https://turismoa.euskadi.eus/webtur00-content/es/contenidos/n_negocios/0000077430_n3_rec_turismo/es_77430/77430-ficha2.html,,,,no_cache
txk_00125,agencias_de_viaje_v2,Otros,agencias_de_viaje_v2,AZULMARINO,,Ermua,BIZKAIA,43.1862902626009,-2.50392436688707,,,https://www.azulmarino.com/es-es,https://turismoa.euskadi.eus/webtur00-content/es/contenidos/n_negocios/0000077433_n3_rec_turismo/es_77433/77433-ficha2.html,,,,no_cache
txk_00126,agencias_de_viaje_v2,Otros,agencias_de_viaje_v2,AZULMARINO,,Beasain,GIPUZKOA,43.0470376901514,-2.20063383727493,,,https://www.azulmarino.com/es-es,https://turismoa.euskadi.eus/webtur00-content/es/contenidos/n_negocios/0000077437_n3_rec_turismo/es_77437/77437-ficha2.html,,,,no_cache
txk_00127,agencias_de_viaje_v2,Otros,agencias_de_viaje_v2,AZULMARINO,,Azpeitia,GIPUZKOA,43.1821150187937,-2.26668085711328,,,https://www.azulmarino.com/es-es,https://turismoa.euskadi.eus/webtur00-content/es/contenidos/n_negocios/0000077441_n3_rec_turismo/es_77441/77441-ficha2.html,,,,no_cache
txk_00128,agencias_de_viaje_v2,Otros,agencias_de_viaje_v2,AZULMARINO,,Bergara,GIPUZKOA,43.1185370353639,-2.41346502709927,,,https://www.azulmarino.com/es-es,https://turismoa.euskadi.eus/webtur00-content/es/contenidos/n_negocios/0000077444_n3_rec_turismo/es_77444/77444-ficha2.html,,,,no_cache
txk_00129,agencias_de_viaje_v2,Otros,agencias_de_viaje_v2,AZULMARINO,,Eibar,GIPUZKOA,43.1857959494073,-2.46907103222851,,,https://www.azulmarino.com/es-es,https://turismoa.euskadi.eus/webtur00-content/es/contenidos/n_negocios/0000077445_n3_rec_turismo/es_77445/77445-ficha2.html,,,,no_cache
txk_00130,agencias_de_viaje_v2,Otros,agencias_de_viaje_v2,AZULMARINO,,Elgoibar,GIPUZKOA,43.2147358916208,-2.41630426135016,,,https://www.azulmarino.com/es-es,https://turismoa.euskadi.eus/webtur00-content/es/contenidos/n_negocios/0000077446_n3_rec_turismo/es_77446/77446-ficha2.html,,,,no_cache
txk_00131,agencias_de_viaje_v2,Otros,agencias_de_viaje_v2,AZULMARINO,,Hondarribia,GIPUZKOA,43.365913631177,-1.79311750949489,,,https://www.azulmarino.com/es-es,https://turismoa.euskadi.eus/webtur00-content/es/contenidos/n_negocios/0000077448_n3_rec_turismo/es_77448/77448-ficha2.html,,,,no_cache
txk_00132,agencias_de_viaje_v2,Otros,agencias_de_viaje_v2,AZULMARINO,,Irun,GIPUZKOA,43.3397308985494,-1.79357995205829,,,https://www.azulmarino.com/es-es,https://turismoa.euskadi.eus/webtur00-content/es/contenidos/n_negocios/0000077449_n3_rec_turismo/es_77449/77449-ficha2.html,,,,no_cache
txk_00133,agencias_de_viaje_v2,Otros,agencias_de_viaje_v2,AZULMARINO,,Oñati,GIPUZKOA,43.0316272875816,-2.41113990265572,,,https://www.azulmarino.com/es-es,https://turismoa.euskadi.eus/webtur00-content/es/contenidos/n_negocios/0000077462_n3_rec_turismo/es_77462/77462-ficha2.html,,,,no_cache
txk_00134,agencias_de_viaje_v2,Otros,agencias_de_viaje_v2,AZULMARINO,,Ordizia,GIPUZKOA,43.0534971295179,-2.18009130518986,,,https://www.azulmarino.com/es-es,https://turismoa.euskadi.eus/webtur00-content/es/contenidos/n_negocios/0000077463_n3_rec_turismo/es_77463/77463-ficha2.html,,,,no_cache
txk_00135,agencias_de_viaje_v2,Otros,agencias_de_viaje_v2,VIAJES KOMOMBO,,Vitoria-Gasteiz,ARABA,42.8504481319726,-2.66751376912116,,,https://turismoa.euskadi.eus/webtur00-content/es/contenidos/n_negocios/0000077502_n3_rec_turismo/es_77502/77502-ficha2.html,https://turismoa.euskadi.eus/webtur00-content/es/contenidos/n_negocios/0000077502_n3_rec_turismo/es_77502/77502-ficha2.html,,,,no_cache
txk_00136,agencias_de_viaje_v2,Otros,agencias_de_viaje_v2,B TRAVEL,,Eibar,GIPUZKOA,43.1856666713395,-2.46926596303727,,,https://www.btravel.com/,https://turismoa.euskadi.eus/webtur00-content/es/contenidos/n_negocios/0000077681_n3_rec_turismo/es_77681/77681-ficha2.html,,,,no_cache
txk_00137,agencias_de_viaje_v2,Otros,agencias_de_viaje_v2,LOS LIRIOS VIAJES,,Bilbao,BIZKAIA,43.2567627558254,-2.9310127906103,,,https://www.losliriosviajes.com/,https://turismoa.euskadi.eus/webtur00-content/es/contenidos/n_negocios/0000078581_n3_rec_turismo/es_78581/78581-ficha2.html,,,,no_cache
txk_00138,agencias_de_viaje_v2,Otros,agencias_de_viaje_v2,LOS LIRIOS VIAJES,,Barakaldo,BIZKAIA,43.2982752781753,-2.98863170452539,,,https://turismoa.euskadi.eus/webtur00-content/es/contenidos/n_negocios/0000078601_n3_rec_turismo/es_78601/78601-ficha2.html,https://turismoa.euskadi.eus/webtur00-content/es/contenidos/n_negocios/0000078601_n3_rec_turismo/es_78601/78601-ficha2.html,,,,no_cache
txk_00139,agencias_de_viaje_v2,Otros,agencias_de_viaje_v2,BILBOVISION  BIDAIAK,,Bilbao,BIZKAIA,43.2720695219454,-2.94600700493906,,,www.bilbovision.net,https://turismoa.euskadi.eus/webtur00-content/es/contenidos/n_negocios/0000079061_n3_rec_turismo/es_79061/79061-ficha2.html,,,,no_cache
txk_00140,agencias_de_viaje_v2,Otros,agencias_de_viaje_v2,B TRAVEL,,Irun,GIPUZKOA,43.3412436090065,-1.79866859639949,,,https://www.btravel.com/,https://turismoa.euskadi.eus/webtur00-content/es/contenidos/n_negocios/0000079085_n3_rec_turismo/es_79085/79085-ficha2.html,,,,no_cache
txk_00141,agencias_de_viaje_v2,Otros,agencias_de_viaje_v2,B TRAVEL,,Andoain,GIPUZKOA,43.213368173508,-2.02372975502819,,,https://www.btravel.com/,https://turismoa.euskadi.eus/webtur00-content/es/contenidos/n_negocios/0000079087_n3_rec_turismo/es_79087/79087-ficha2.html,,,,no_cache
txk_00142,agencias_de_viaje_v2,Otros,agencias_de_viaje_v2,B THE TRAVEL BRAND,,Donostia / San Sebastián,GIPUZKOA,43.3220605819294,-1.98322764020929,,,https://www.btravel.com/,https://turismoa.euskadi.eus/webtur00-content/es/contenidos/n_negocios/0000079089_n3_rec_turismo/es_79089/79089-ficha2.html,,,,no_cache
txk_00143,agencias_de_viaje_v2,Otros,agencias_de_viaje_v2,B TRAVEL,,Tolosa,GIPUZKOA,43.1340845353373,-2.07554113153518,,,https://www.btravel.com/,https://turismoa.euskadi.eus/webtur00-content/es/contenidos/n_negocios/0000079181_n3_rec_turismo/es_79181/79181-ficha2.html,,,,no_cache
txk_00144,agencias_de_viaje_v2,Otros,agencias_de_viaje_v2,SAGARDUN PARTZUERGOA,,Astigarraga,GIPUZKOA,43.2812920422483,-1.94696893659432,,,https://sagardoarenlurraldea.eus/,https://turismoa.euskadi.eus/webtur00-content/es/contenidos/n_negocios/0000079781_n3_rec_turismo/es_79781/79781-ficha2.html,,,,no_cache
txk_00145,agencias_de_viaje_v2,Otros,agencias_de_viaje_v2,VIAJES NAUTALIA,,Bilbao,BIZKAIA,43.2644365841399,-2.9421895373311,,,https://www.nautaliaviajes.com/,https://turismoa.euskadi.eus/webtur00-content/es/contenidos/n_negocios/0000081002_n3_rec_turismo/es_81002/81002-ficha2.html,,,,no_cache
txk_00146,agencias_de_viaje_v2,Otros,agencias_de_viaje_v2,ESL EDUCACION ESPAÑA S.L.,,Bilbao,BIZKAIA,43.2615840591935,-2.9269648769422,,,www.esl-idiomas.com,https://turismoa.euskadi.eus/webtur00-content/es/contenidos/n_negocios/0000081181_n3_rec_turismo/es_81181/81181-ficha2.html,,,,no_cache
txk_00147,agencias_de_viaje_v2,Otros,agencias_de_viaje_v2,VIAJES HALCÓN,,Gernika-Lumo,BIZKAIA,43.3149484630129,-2.67626797067356,,,https://www.halconviajes.com/,https://turismoa.euskadi.eus/webtur00-content/es/contenidos/n_negocios/0000081183_n3_rec_turismo/es_81183/81183-ficha2.html,,,,no_cache
txk_00148,agencias_de_viaje_v2,Otros,agencias_de_viaje_v2,HALCÓN VIAJES,,Bermeo,BIZKAIA,43.4194252516963,-2.72634877790886,,,www.bermeo.halconviajes.com,https://turismoa.euskadi.eus/webtur00-content/es/contenidos/n_negocios/0000081184_n3_rec_turismo/es_81184/81184-ficha2.html,,,,no_cache
txk_00149,agencias_de_viaje_v2,Otros,agencias_de_viaje_v2,VIAJES ECUADOR,,Gernika-Lumo,BIZKAIA,43.3156611943683,-2.67734543179444,,,https://www.viajesecuador.com/,https://turismoa.euskadi.eus/webtur00-content/es/contenidos/n_negocios/0000081185_n3_rec_turismo/es_81185/81185-ficha2.html,,,,no_cache
txk_00150,agencias_de_viaje_v2,Otros,agencias_de_viaje_v2,VIAJES EL CORTE INGLÉS,,Gernika-Lumo,BIZKAIA,43.3154411158528,-2.67716772828048,,,https://www.viajeselcorteingles.es/,https://turismoa.euskadi.eus/webtur00-content/es/contenidos/n_negocios/0000081186_n3_rec_turismo/es_81186/81186-ficha2.html,,,,no_cache
txk_00151,agencias_de_viaje_v2,Otros,agencias_de_viaje_v2,B TRAVEL,,Gernika-Lumo,BIZKAIA,43.3150414609408,-2.67725536234825,,,https://turismoa.euskadi.eus/webtur00-content/es/contenidos/n_negocios/0000081187_n3_rec_turismo/es_81187/81187-ficha2.html,https://turismoa.euskadi.eus/webtur00-content/es/contenidos/n_negocios/0000081187_n3_rec_turismo/es_81187/81187-ficha2.html,,,,no_cache
txk_00152,agencias_de_viaje_v2,Otros,agencias_de_viaje_v2,CARLSON WAGONLIT,,Bermeo,BIZKAIA,43.4186634982485,-2.72419430707631,,,https://turismoa.euskadi.eus/webtur00-content/es/contenidos/n_negocios/0000081188_n3_rec_turismo/es_81188/81188-ficha2.html,https://turismoa.euskadi.eus/webtur00-content/es/contenidos/n_negocios/0000081188_n3_rec_turismo/es_81188/81188-ficha2.html,,,,no_cache
txk_00153,agencias_de_viaje_v2,Otros,agencias_de_viaje_v2,HALCON VIAJES,,Basauri,BIZKAIA,43.2356099999549,-2.88857163435035,,,https://www.halconviajes.com/,https://turismoa.euskadi.eus/webtur00-content/es/contenidos/n_negocios/0000081189_n3_rec_turismo/es_81189/81189-ficha2.html,,,,no_cache
txk_00154,agencias_de_viaje_v2,Otros,agencias_de_viaje_v2,VIAJES EL CORTE INGLÉS,,Basauri,BIZKAIA,43.235753101725,-2.88651194477118,,,www.viajeselcorteingles.com,https://turismoa.euskadi.eus/webtur00-content/es/contenidos/n_negocios/0000081190_n3_rec_turismo/es_81190/81190-ficha2.html,,,,no_cache
txk_00155,agencias_de_viaje_v2,Otros,agencias_de_viaje_v2,VIAJES NAUTALIA,,Basauri,BIZKAIA,43.235688297674,-2.88817451457792,,,https://www.nautaliaviajes.com/,https://turismoa.euskadi.eus/webtur00-content/es/contenidos/n_negocios/0000081191_n3_rec_turismo/es_81191/81191-ficha2.html,,,,no_cache
txk_00156,agencias_de_viaje_v2,Otros,agencias_de_viaje_v2,VIAJES ECUADOR,,Basauri,BIZKAIA,43.2359098985686,-2.88369979859548,,,https://www.viajesecuador.com/,https://turismoa.euskadi.eus/webtur00-content/es/contenidos/n_negocios/0000081194_n3_rec_turismo/es_81194/81194-ficha2.html,,,,no_cache
txk_00157,agencias_de_viaje_v2,Otros,agencias_de_viaje_v2,VIAJES EL CORTE INGLÉS,,Durango,BIZKAIA,43.1687129637211,-2.63435714676721,,,https://www.viajeselcorteingles.es/,https://turismoa.euskadi.eus/webtur00-content/es/contenidos/n_negocios/0000081195_n3_rec_turismo/es_81195/81195-ficha2.html,,,,no_cache
txk_00158,agencias_de_viaje_v2,Otros,agencias_de_viaje_v2,VIAJES ECUADOR,,Durango,BIZKAIA,43.1684554684977,-2.63283592080383,,,https://turismoa.euskadi.eus/webtur00-content/es/contenidos/n_negocios/0000081196_n3_rec_turismo/es_81196/81196-ficha2.html,https://turismoa.euskadi.eus/webtur00-content/es/contenidos/n_negocios/0000081196_n3_rec_turismo/es_81196/81196-ficha2.html,,,,no_cache
txk_00159,agencias_de_viaje_v2,Otros,agencias_de_viaje_v2,B THE TRAVEL BRAND,,Durango,BIZKAIA,43.172460697011,-2.63584517274813,,,https://turismoa.euskadi.eus/webtur00-content/es/contenidos/n_negocios/0000081197_n3_rec_turismo/es_81197/81197-ficha2.html,https://turismoa.euskadi.eus/webtur00-content/es/contenidos/n_negocios/0000081197_n3_rec_turismo/es_81197/81197-ficha2.html,,,,no_cache
txk_00160,agencias_de_viaje_v2,Otros,agencias_de_viaje_v2,HALCÓN VIAJES,,Durango,BIZKAIA,43.17265514168,-2.63569762508183,,,https://www.halconviajes.com/,https://turismoa.euskadi.eus/webtur00-content/es/contenidos/n_negocios/0000081198_n3_rec_turismo/es_81198/81198-ficha2.html,,,,no_cache
txk_00161,agencias_de_viaje_v2,Otros,agencias_de_viaje_v2,B TRAVEL,,Bilbao,BIZKAIA,43.2587729093757,-2.94151015892827,,,https://www.btravel.com/,https://turismoa.euskadi.eus/webtur00-content/es/contenidos/n_negocios/0000081200_n3_rec_turismo/es_81200/81200-ficha2.html,,,,no_cache
txk_00162,agencias_de_viaje_v2,Otros,agencias_de_viaje_v2,VIAJES ECUADOR,,Bilbao,BIZKAIA,43.2667469854,-2.93707696193971,,,https://turismoa.euskadi.eus/webtur00-content/es/contenidos/n_negocios/0000081202_n3_rec_turismo/es_81202/81202-ficha2.html,https://turismoa.euskadi.eus/webtur00-content/es/contenidos/n_negocios/0000081202_n3_rec_turismo/es_81202/81202-ficha2.html,,,,no_cache
txk_00163,agencias_de_viaje_v2,Otros,agencias_de_viaje_v2,RUTAS 10,,Bilbao,BIZKAIA,43.2596848394201,-2.93016971128442,,,www.rutas10.com,https://turismoa.euskadi.eus/webtur00-content/es/contenidos/n_negocios/0000081208_n3_rec_turismo/es_81208/81208-ficha2.html,,,,no_cache
txk_00164,agencias_de_viaje_v2,Otros,agencias_de_viaje_v2,VIAJES EL CORTE INGLÉS,,Bilbao,BIZKAIA,43.2579396605044,-2.94161762769154,,,https://www.viajeselcorteingles.es/,https://turismoa.euskadi.eus/webtur00-content/es/contenidos/n_negocios/0000081209_n3_rec_turismo/es_81209/81209-ficha2.html,,,,no_cache
txk_00165,agencias_de_viaje_v2,Otros,agencias_de_viaje_v2,B TRAVEL,,Getxo,BIZKAIA,43.3248491531668,-3.01339510635916,,,https://turismoa.euskadi.eus/webtur00-content/es/contenidos/n_negocios/0000081212_n3_rec_turismo/es_81212/81212-ficha2.html,https://turismoa.euskadi.eus/webtur00-content/es/contenidos/n_negocios/0000081212_n3_rec_turismo/es_81212/81212-ficha2.html,,,,no_cache
txk_00166,agencias_de_viaje_v2,Otros,agencias_de_viaje_v2,B THE TRAVEL BRAND,,Bilbao,BIZKAIA,43.2670934409057,-2.93043741047751,,,https://www.btravel.com/,https://turismoa.euskadi.eus/webtur00-content/es/contenidos/n_negocios/0000081213_n3_rec_turismo/es_81213/81213-ficha2.html,,,,no_cache
txk_00167,agencias_de_viaje_v2,Otros,agencias_de_viaje_v2,HALCÓN VIAJES,,Bilbao,BIZKAIA,43.2614045962231,-2.93705239113323,,,https://turismoa.euskadi.eus/webtur00-content/es/contenidos/n_negocios/0000081216_n3_rec_turismo/es_81216/81216-ficha2.html,https://turismoa.euskadi.eus/webtur00-content/es/contenidos/n_negocios/0000081216_n3_rec_turismo/es_81216/81216-ficha2.html,,,,no_cache
txk_00168,agencias_de_viaje_v2,Otros,agencias_de_viaje_v2,VIAJES CEMO,,Bilbao,BIZKAIA,43.2589554581521,-2.93140886571263,,,https://turismoa.euskadi.eus/webtur00-content/es/contenidos/n_negocios/0000081217_n3_rec_turismo/es_81217/81217-ficha2.html,https://turismoa.euskadi.eus/webtur00-content/es/contenidos/n_negocios/0000081217_n3_rec_turismo/es_81217/81217-ficha2.html,,,,no_cache
txk_00169,agencias_de_viaje_v2,Otros,agencias_de_viaje_v2,ATLANTIDA TRAVEL,,Bilbao,BIZKAIA,43.2642000604378,-2.93462955367848,,,https://turismoa.euskadi.eus/webtur00-content/es/contenidos/n_negocios/0000081222_n3_rec_turismo/es_81222/81222-ficha2.html,https://turismoa.euskadi.eus/webtur00-content/es/contenidos/n_negocios/0000081222_n3_rec_turismo/es_81222/81222-ficha2.html,,,,no_cache
txk_00170,agencias_de_viaje_v2,Otros,agencias_de_viaje_v2,MAPATOURS,,Bilbao,BIZKAIA,43.2718125803251,-2.9487448336772,,,https://www.mapatours.com/,https://turismoa.euskadi.eus/webtur00-content/es/contenidos/n_negocios/0000081306_n3_rec_turismo/es_81306/81306-ficha2.html,,,,no_cache
txk_00171,agencias_de_viaje_v2,Otros,agencias_de_viaje_v2,VIAJES SOLTOUR,,Bilbao,BIZKAIA,43.2718125803251,-2.9487448336772,,,https://turismoa.euskadi.eus/webtur00-content/es/contenidos/n_negocios/0000081308_n3_rec_turismo/es_81308/81308-ficha2.html,https://turismoa.euskadi.eus/webtur00-content/es/contenidos/n_negocios/0000081308_n3_rec_turismo/es_81308/81308-ficha2.html,,,,no_cache
txk_00172,agencias_de_viaje_v2,Otros,agencias_de_viaje_v2,TRANSRUTAS,,Bilbao,BIZKAIA,43.2783117762488,-2.9631558726124,,,https://turismoa.euskadi.eus/webtur00-content/es/contenidos/n_negocios/0000081310_n3_rec_turismo/es_81310/81310-ficha2.html,https://turismoa.euskadi.eus/webtur00-content/es/contenidos/n_negocios/0000081310_n3_rec_turismo/es_81310/81310-ficha2.html,,,,no_cache
txk_00173,agencias_de_viaje_v2,Otros,agencias_de_viaje_v2,HALCÓN VIAJES,,Erandio,BIZKAIA,43.3167814420589,-2.98392195872595,,,https://turismoa.euskadi.eus/webtur00-content/es/contenidos/n_negocios/0000081311_n3_rec_turismo/es_81311/81311-ficha2.html,https://turismoa.euskadi.eus/webtur00-content/es/contenidos/n_negocios/0000081311_n3_rec_turismo/es_81311/81311-ficha2.html,,,,no_cache
txk_00174,agencias_de_viaje_v2,Otros,agencias_de_viaje_v2,B TRAVEL,,Leioa,BIZKAIA,43.3216524922284,-2.98613992206561,,,https://www.btravel.com/,https://turismoa.euskadi.eus/webtur00-content/es/contenidos/n_negocios/0000081313_n3_rec_turismo/es_81313/81313-ficha2.html,,,,no_cache
txk_00175,agencias_de_viaje_v2,Otros,agencias_de_viaje_v2,HALCÓN VIAJES,,Leioa,BIZKAIA,43.3275349895289,-2.98967322674589,,,https://www.halconviajes.com/,https://turismoa.euskadi.eus/webtur00-content/es/contenidos/n_negocios/0000081314_n3_rec_turismo/es_81314/81314-ficha2.html,,,,no_cache
txk_00176,agencias_de_viaje_v2,Otros,agencias_de_viaje_v2,HALCÓN VIAJES,,Getxo,BIZKAIA,43.3272879408213,-3.01309631816772,,,https://www.halconviajes.com/,https://turismoa.euskadi.eus/webtur00-content/es/contenidos/n_negocios/0000081316_n3_rec_turismo/es_81316/81316-ficha2.html,,,,no_cache
txk_00177,agencias_de_viaje_v2,Otros,agencias_de_viaje_v2,HALCON VIAJES,,Getxo,BIZKAIA,43.3288993406068,-3.00693447350132,,,https://www.halconviajes.com/,https://turismoa.euskadi.eus/webtur00-content/es/contenidos/n_negocios/0000081317_n3_rec_turismo/es_81317/81317-ficha2.html,,,,no_cache
txk_00178,agencias_de_viaje_v2,Otros,agencias_de_viaje_v2,HALCÓN BIDAIAK,,Amorebieta-Etxano,BIZKAIA,43.2191226630035,-2.73366954551842,,,https://www.halconviajes.com/,https://turismoa.euskadi.eus/webtur00-content/es/contenidos/n_negocios/0000081320_n3_rec_turismo/es_81320/81320-ficha2.html,,,,no_cache
txk_00179,agencias_de_viaje_v2,Otros,agencias_de_viaje_v2,VIAJES EL CORTE INGLÉS,,Getxo,BIZKAIA,43.3523103890098,-3.01031591418259,,,https://www.viajeselcorteingles.es/,https://turismoa.euskadi.eus/webtur00-content/es/contenidos/n_negocios/0000081321_n3_rec_turismo/es_81321/81321-ficha2.html,,,,no_cache
txk_00180,agencias_de_viaje_v2,Otros,agencias_de_viaje_v2,HALCÓN BIDAIAK,,Galdakao,BIZKAIA,43.233359267187,-2.84265508489697,,,https://www.halconviajes.com/,https://turismoa.euskadi.eus/webtur00-content/es/contenidos/n_negocios/0000081323_n3_rec_turismo/es_81323/81323-ficha2.html,,,,no_cache
txk_00181,agencias_de_viaje_v2,Otros,agencias_de_viaje_v2,VIAJES ECUADOR,,Getxo,BIZKAIA,43.3246579735985,-3.01590427432758,,,https://turismoa.euskadi.eus/webtur00-content/es/contenidos/n_negocios/0000081324_n3_rec_turismo/es_81324/81324-ficha2.html,https://turismoa.euskadi.eus/webtur00-content/es/contenidos/n_negocios/0000081324_n3_rec_turismo/es_81324/81324-ficha2.html,,,,no_cache
txk_00182,agencias_de_viaje_v2,Otros,agencias_de_viaje_v2,B TRAVEL,,Portugalete,BIZKAIA,43.3214709553292,-3.02069125594,,,https://turismoa.euskadi.eus/webtur00-content/es/contenidos/n_negocios/0000081327_n3_rec_turismo/es_81327/81327-ficha2.html,https://turismoa.euskadi.eus/webtur00-content/es/contenidos/n_negocios/0000081327_n3_rec_turismo/es_81327/81327-ficha2.html,,,,no_cache
txk_00183,agencias_de_viaje_v2,Otros,agencias_de_viaje_v2,VIAJES NAUTALIA,,Galdakao,BIZKAIA,43.2303514446841,-2.84419941302082,,,https://turismoa.euskadi.eus/webtur00-content/es/contenidos/n_negocios/0000081328_n3_rec_turismo/es_81328/81328-ficha2.html,https://turismoa.euskadi.eus/webtur00-content/es/contenidos/n_negocios/0000081328_n3_rec_turismo/es_81328/81328-ficha2.html,,,,no_cache
txk_00184,agencias_de_viaje_v2,Otros,agencias_de_viaje_v2,VIAJES EL CORTE INGLÉS,,Galdakao,BIZKAIA,43.2307065857815,-2.84188599311242,,,https://www.viajeselcorteingles.es/,https://turismoa.euskadi.eus/webtur00-content/es/contenidos/n_negocios/0000081329_n3_rec_turismo/es_81329/81329-ficha2.html,,,,no_cache
txk_00185,agencias_de_viaje_v2,Otros,agencias_de_viaje_v2,B TRAVEL,,Galdakao,BIZKAIA,43.2313531623499,-2.84285806005028,,,https://turismoa.euskadi.eus/webtur00-content/es/contenidos/n_negocios/0000081330_n3_rec_turismo/es_81330/81330-ficha2.html,https://turismoa.euskadi.eus/webtur00-content/es/contenidos/n_negocios/0000081330_n3_rec_turismo/es_81330/81330-ficha2.html,,,,no_cache
txk_00186,agencias_de_viaje_v2,Otros,agencias_de_viaje_v2,HALCÓN BIDAIAK,,Santurtzi,BIZKAIA,43.3275726817671,-3.03225036164958,,,https://www.halconviajes.com/,https://turismoa.euskadi.eus/webtur00-content/es/contenidos/n_negocios/0000081331_n3_rec_turismo/es_81331/81331-ficha2.html,,,,no_cache
txk_00187,agencias_de_viaje_v2,Otros,agencias_de_viaje_v2,VIAJES ECUADOR,,Sopela,BIZKAIA,43.3813717136632,-2.98041090581262,,,https://turismoa.euskadi.eus/webtur00-content/es/contenidos/n_negocios/0000081332_n3_rec_turismo/es_81332/81332-ficha2.html,https://turismoa.euskadi.eus/webtur00-content/es/contenidos/n_negocios/0000081332_n3_rec_turismo/es_81332/81332-ficha2.html,,,,no_cache
txk_00188,agencias_de_viaje_v2,Otros,agencias_de_viaje_v2,B TRAVEL,,Santurtzi,BIZKAIA,43.3279699078303,-3.03085371051179,,,https://turismoa.euskadi.eus/webtur00-content/es/contenidos/n_negocios/0000081334_n3_rec_turismo/es_81334/81334-ficha2.html,https://turismoa.euskadi.eus/webtur00-content/es/contenidos/n_negocios/0000081334_n3_rec_turismo/es_81334/81334-ficha2.html,,,,no_cache
txk_00189,agencias_de_viaje_v2,Otros,agencias_de_viaje_v2,B TRAVEL,,Sestao,BIZKAIA,43.3088286046289,-3.00685674754811,,,https://turismoa.euskadi.eus/webtur00-content/es/contenidos/n_negocios/0000081337_n3_rec_turismo/es_81337/81337-ficha2.html,https://turismoa.euskadi.eus/webtur00-content/es/contenidos/n_negocios/0000081337_n3_rec_turismo/es_81337/81337-ficha2.html,,,,no_cache
txk_00190,agencias_de_viaje_v2,Otros,agencias_de_viaje_v2,HALCÓN BIDAIAK,,Ondarroa,BIZKAIA,43.3205781028042,-2.42021601217989,,,https://www.halconviajes.com/,https://turismoa.euskadi.eus/webtur00-content/es/contenidos/n_negocios/0000081338_n3_rec_turismo/es_81338/81338-ficha2.html,,,,no_cache
txk_00191,agencias_de_viaje_v2,Otros,agencias_de_viaje_v2,B TRAVEL,,Ondarroa,BIZKAIA,43.3201082916079,-2.42316200274892,,,https://turismoa.euskadi.eus/webtur00-content/es/contenidos/n_negocios/0000081340_n3_rec_turismo/es_81340/81340-ficha2.html,https://turismoa.euskadi.eus/webtur00-content/es/contenidos/n_negocios/0000081340_n3_rec_turismo/es_81340/81340-ficha2.html,,,,no_cache
txk_00192,agencias_de_viaje_v2,Otros,agencias_de_viaje_v2,HALCÓN BIDAIAK,,Ermua,BIZKAIA,43.1871854347642,-2.50548631120126,,,https://www.halconviajes.com/,https://turismoa.euskadi.eus/webtur00-content/es/contenidos/n_negocios/0000081341_n3_rec_turismo/es_81341/81341-ficha2.html,,,,no_cache
txk_00193,agencias_de_viaje_v2,Otros,agencias_de_viaje_v2,B TRAVEL,,Mungia,BIZKAIA,43.3552466122554,-2.84716711441579,,,https://turismoa.euskadi.eus/webtur00-content/es/contenidos/n_negocios/0000081342_n3_rec_turismo/es_81342/81342-ficha2.html,https://turismoa.euskadi.eus/webtur00-content/es/contenidos/n_negocios/0000081342_n3_rec_turismo/es_81342/81342-ficha2.html,,,,no_cache
txk_00194,agencias_de_viaje_v2,Otros,agencias_de_viaje_v2,HALCÓN BIDAIAK,,Mungia,BIZKAIA,43.3555768187659,-2.84830746062767,,,https://www.halconviajes.com/,https://turismoa.euskadi.eus/webtur00-content/es/contenidos/n_negocios/0000081343_n3_rec_turismo/es_81343/81343-ficha2.html,,,,no_cache
txk_00195,agencias_de_viaje_v2,Otros,agencias_de_viaje_v2,B THE TRAVEL BRAND,,Barakaldo,BIZKAIA,43.2962456230386,-2.98983842697421,,,https://turismoa.euskadi.eus/webtur00-content/es/contenidos/n_negocios/0000081345_n3_rec_turismo/es_81345/81345-ficha2.html,https://turismoa.euskadi.eus/webtur00-content/es/contenidos/n_negocios/0000081345_n3_rec_turismo/es_81345/81345-ficha2.html,,,,no_cache
txk_00196,agencias_de_viaje_v2,Otros,agencias_de_viaje_v2,VIAJES EL CORTE INGLÉS,,Barakaldo,BIZKAIA,43.2954046518063,-2.98960974390583,,,https://www.viajeselcorteingles.es/,https://turismoa.euskadi.eus/webtur00-content/es/contenidos/n_negocios/0000081346_n3_rec_turismo/es_81346/81346-ficha2.html,,,,no_cache
txk_00197,agencias_de_viaje_v2,Otros,agencias_de_viaje_v2,HALCÓN VIAJES,,Barakaldo,BIZKAIA,43.2954011240446,-2.98942778390181,,,https://www.halconviajes.com/,https://turismoa.euskadi.eus/webtur00-content/es/contenidos/n_negocios/0000081348_n3_rec_turismo/es_81348/81348-ficha2.html,,,,no_cache
txk_00198,agencias_de_viaje_v2,Otros,agencias_de_viaje_v2,VIAJES CARREFOUR,,Valle de Trápaga-Trapagaran,BIZKAIA,43.2991218939103,-3.01229925369443,,,https://www.viajes.carrefour.es/,https://turismoa.euskadi.eus/webtur00-content/es/contenidos/n_negocios/0000081349_n3_rec_turismo/es_81349/81349-ficha2.html,,,,no_cache
txk_00199,agencias_de_viaje_v2,Otros,agencias_de_viaje_v2,CARLSON WAGONLIT,,Bilbao,BIZKAIA,43.2635728763299,-2.93222959651127,,,https://turismoa.euskadi.eus/webtur00-content/es/contenidos/n_negocios/0000081355_n3_rec_turismo/es_81355/81355-ficha2.html,https://turismoa.euskadi.eus/webtur00-content/es/contenidos/n_negocios/0000081355_n3_rec_turismo/es_81355/81355-ficha2.html,,,,no_cache
txk_00200,agencias_de_viaje_v2,Otros,agencias_de_viaje_v2,NAUTALIA VIAJES,,Eibar,GIPUZKOA,43.1850228810417,-2.46882192526634,,,https://turismoa.euskadi.eus/webtur00-content/es/contenidos/n_negocios/0000081357_n3_rec_turismo/es_81357/81357-ficha2.html,https://turismoa.euskadi.eus/webtur00-content/es/contenidos/n_negocios/0000081357_n3_rec_turismo/es_81357/81357-ficha2.html,,,,no_cache
